dataset,mode,n_runs,mean_bal_acc,std_bal_acc,max_bal_acc,mean_macro_f1,mean_weighted_f1
BCIC2A,ft,5,0.37777777777777777,0.027287337089428463,0.4083333333333333,0.3453956565556747,0.3453956565556747
MDD,ft,5,0.8943749999999999,0.008457730376702723,0.9015625,0.8830573229678815,0.8830573229678815
SEED,ft,5,0.41155555555555556,0.021221931353445904,0.42444444444444446,0.37297020044848417,0.37297020044848417
SLEEP,ft,5,0.6342981656743534,0.05764514189858783,0.7354161138004057,0.6314786902271584,0.6329359990740526
