dataset,epoch,best_val_balanced_accuracy,val_accuracy,val_balanced_accuracy,val_macro_f1,val_weighted_f1,val_loss,mode,seed,run_dir,prediction_csv,logits_npy
BCIC2A,25,0.4083333333333333,0.3861111111111111,0.38611111111111107,0.38687122374362537,0.3868712237436254,4.154078335232205,ft,seed44,outputs/course_project_eval_seed42to46_v1/BCIC2A/ft/seed44,True,True
MDD,20,0.9015625,0.8921875,0.8921874999999999,0.8921746009654475,0.8921746009654477,0.5802442744374275,ft,seed42,outputs/course_project_eval_seed42to46_v1/MDD/ft/seed42,True,True
SEED,20,0.42444444444444446,0.40444444444444444,0.40444444444444444,0.4004720891764267,0.4004720891764267,1.1685660807291667,ft,seed44,outputs/course_project_eval_seed42to46_v1/SEED/ft/seed44,True,True
SLEEP,11,0.7354161138004057,0.7284904688304997,0.7268337518245063,0.72882018632349,0.729300296041605,1.268583246631023,ft,seed42,outputs/course_project_eval_seed42to46_v1/SLEEP/ft/seed42,True,True
