stage,epoch,train_loss,train_accuracy,val_loss,val_accuracy,val_balanced_accuracy,val_macro_f1,val_weighted_f1,val_cohen_kappa,val_auroc,val_auc_pr,test_loss,test_accuracy,test_balanced_accuracy,test_macro_f1,test_weighted_f1,test_cohen_kappa,learning_rate,epoch_time_sec,best_val_balanced_accuracy,best_test_balanced_accuracy,val_confusion_matrix,test_confusion_matrix
mlp,0,0.5554999987284343,0.734375,0.38791981935501096,0.8921875,0.8921875,0.8919656814895819,0.891965681489582,0.784375,0.947109375,0.9545906898488258,,,,,,,0.0003249074925991649,50.62385106086731,0.8921875,,"[[300, 20], [49, 271]]",
mlp,1,0.4113585650920868,0.8322916666666667,0.3106282114982605,0.8765625,0.8765625,0.8765549655130318,0.8765549655130318,0.753125,0.9519482421875001,0.9587832376750461,,,,,,,0.0003249074925991649,7.570642948150635,0.8921875,,"[[278, 42], [37, 283]]",
mlp,2,0.35659022629261017,0.85625,0.2823500968515873,0.88125,0.88125,0.8812210012210012,0.8812210012210013,0.7625,0.9580419921875001,0.9624107908614888,,,,,,,0.0003249074925991649,7.832707643508911,0.8921875,,"[[287, 33], [43, 277]]",
mlp,3,0.3293972526987394,0.85625,0.28221285827457904,0.8875,0.8875,0.887284255019373,0.8872842550193731,0.775,0.9612255859375,0.9647604906595557,,,,,,,0.0003249074925991649,7.531466245651245,0.8921875,,"[[298, 22], [50, 270]]",
mlp,4,0.2973855294287205,0.8760416666666667,0.277934056147933,0.8796875,0.8796875,0.879472987812782,0.8794729878127822,0.759375,0.9559912109375,0.9599692955967846,,,,,,,0.0003249074925991649,9.427463054656982,0.8921875,,"[[268, 52], [25, 295]]",
mlp,5,0.2702539031704267,0.8875,0.27007771767675876,0.88125,0.88125,0.8811931490654707,0.8811931490654707,0.7625,0.9568652343749999,0.9602163282400487,,,,,,,0.00016245374629958245,9.898971796035767,0.8921875,,"[[275, 45], [31, 289]]",
mlp,6,0.2573522239923477,0.8947916666666667,0.27056649047881365,0.884375,0.884375,0.8843196451426952,0.8843196451426951,0.76875,0.95646484375,0.9593043910024784,,,,,,,0.00016245374629958245,7.885029554367065,0.8921875,,"[[276, 44], [30, 290]]",
mlp,7,0.25279023262361683,0.903125,0.2681639023125172,0.8828125,0.8828125,0.8828122138970066,0.8828122138970066,0.765625,0.956796875,0.9597007612166181,,,,,,,0.00016245374629958245,7.163594007492065,0.8921875,,"[[282, 38], [37, 283]]",
