stage,epoch,train_loss,train_accuracy,val_loss,val_accuracy,val_balanced_accuracy,val_macro_f1,val_weighted_f1,val_cohen_kappa,val_auroc,val_auc_pr,test_loss,test_accuracy,test_balanced_accuracy,test_macro_f1,test_weighted_f1,test_cohen_kappa,learning_rate,epoch_time_sec,best_val_balanced_accuracy,best_test_balanced_accuracy,val_confusion_matrix,test_confusion_matrix
mlp,0,0.5432960351308187,0.7010416666666667,0.3385213650763035,0.9,0.9,0.8995250991012207,0.8995250991012206,0.8,0.9569482421875,0.9643338803741989,,,,,,,0.0010454229220204477,50.39185857772827,0.9,,"[[310, 10], [54, 266]]",
mlp,1,0.4026837597290675,0.81875,0.2696856766939163,0.89375,0.89375,0.8937240537240537,0.8937240537240537,0.7875,0.9597314453125,0.9647727370614648,,,,,,,0.0010454229220204477,7.49594521522522,0.9,,"[[291, 29], [39, 281]]",
mlp,2,0.37448808923363686,0.8510416666666667,0.3359617169946432,0.859375,0.859375,0.8582104983310195,0.8582104983310195,0.71875,0.9569775390625,0.9598883589893061,,,,,,,0.0010454229220204477,5.050269603729248,0.9,,"[[304, 16], [74, 246]]",
mlp,3,0.3895003511259953,0.8166666666666667,0.26167703978717327,0.871875,0.871875,0.8713208250375151,0.871320825037515,0.74375,0.9658789062500001,0.9689853190696629,,,,,,,0.0010454229220204477,5.713280916213989,0.9,,"[[258, 62], [20, 300]]",
mlp,4,0.32609774147470794,0.8614583333333333,0.25142820123583076,0.8875,0.8875,0.8874901114355754,0.8874901114355754,0.775,0.9630419921875,0.965311588135874,,,,,,,0.0010454229220204477,4.685937404632568,0.9,,"[[281, 39], [33, 287]]",
mlp,5,0.3008696878949801,0.8604166666666667,0.26470727026462554,0.88125,0.8812500000000001,0.8811095141720197,0.8811095141720197,0.7625,0.9597802734374999,0.9609397890560027,,,,,,,0.0005227114610102238,4.420727014541626,0.9,,"[[271, 49], [27, 293]]",
mlp,6,0.278811131293575,0.875,0.2735690470784903,0.8703125,0.8703125,0.8699667818002452,0.8699667818002453,0.740625,0.9606640624999999,0.9622848797819783,,,,,,,0.0005227114610102238,4.185790061950684,0.9,,"[[262, 58], [25, 295]]",
mlp,7,0.2676459923386574,0.8854166666666666,0.2680792961269617,0.8890625,0.8890625,0.8890622291558329,0.889062229155833,0.778125,0.9601367187500001,0.9610669572092865,,,,,,,0.0005227114610102238,4.369307279586792,0.9,,"[[285, 35], [36, 284]]",
