stage,epoch,train_loss,train_accuracy,val_loss,val_accuracy,val_balanced_accuracy,val_macro_f1,val_weighted_f1,val_cohen_kappa,val_auroc,val_auc_pr,test_loss,test_accuracy,test_balanced_accuracy,test_macro_f1,test_weighted_f1,test_cohen_kappa,learning_rate,epoch_time_sec,best_val_balanced_accuracy,best_test_balanced_accuracy,val_confusion_matrix,test_confusion_matrix
ft,0,nan,0.20045906656465187,nan,0.20401854714064915,0.2,0.06777920410783055,0.06914107374214554,0.0,0.0,0.0,,,,,,,5.4004827144411205e-05,144.7210807800293,0.2,,"[[396, 0, 0, 0, 0], [388, 0, 0, 0, 0], [398, 0, 0, 0, 0], [400, 0, 0, 0, 0], [359, 0, 0, 0, 0]]",
ft,1,nan,0.2030094363682734,nan,0.20401854714064915,0.2,0.06777920410783055,0.06914107374214554,0.0,0.0,0.0,,,,,,,5.4004827144411205e-05,117.33013033866882,0.2,,"[[396, 0, 0, 0, 0], [388, 0, 0, 0, 0], [398, 0, 0, 0, 0], [400, 0, 0, 0, 0], [359, 0, 0, 0, 0]]",
ft,2,nan,0.2030094363682734,nan,0.20401854714064915,0.2,0.06777920410783055,0.06914107374214554,0.0,0.0,0.0,,,,,,,5.4004827144411205e-05,115.82058811187744,0.2,,"[[396, 0, 0, 0, 0], [388, 0, 0, 0, 0], [398, 0, 0, 0, 0], [400, 0, 0, 0, 0], [359, 0, 0, 0, 0]]",
ft,3,nan,0.2030094363682734,nan,0.20401854714064915,0.2,0.06777920410783055,0.06914107374214554,0.0,0.0,0.0,,,,,,,5.4004827144411205e-05,114.09427762031555,0.2,,"[[396, 0, 0, 0, 0], [388, 0, 0, 0, 0], [398, 0, 0, 0, 0], [400, 0, 0, 0, 0], [359, 0, 0, 0, 0]]",
ft,4,nan,0.2030094363682734,nan,0.20401854714064915,0.2,0.06777920410783055,0.06914107374214554,0.0,0.0,0.0,,,,,,,2.7002413572205603e-05,114.40942287445068,0.2,,"[[396, 0, 0, 0, 0], [388, 0, 0, 0, 0], [398, 0, 0, 0, 0], [400, 0, 0, 0, 0], [359, 0, 0, 0, 0]]",
