stage,epoch,train_loss,train_accuracy,val_loss,val_accuracy,val_balanced_accuracy,val_macro_f1,val_weighted_f1,val_cohen_kappa,val_auroc,val_auc_pr,test_loss,test_accuracy,test_balanced_accuracy,test_macro_f1,test_weighted_f1,test_cohen_kappa,learning_rate,epoch_time_sec,best_val_balanced_accuracy,best_test_balanced_accuracy,val_confusion_matrix,test_confusion_matrix
mlp,0,0.5764731566111246,0.6916666666666667,0.3901069164276123,0.8921875,0.8921874999999999,0.8921746009654475,0.8921746009654477,0.784375,0.9502441406250001,0.9560453463546263,,,,,,,0.00026311883710016773,47.80889678001404,0.8921874999999999,,"[[289, 31], [38, 282]]",
mlp,1,0.42937031586964924,0.8145833333333333,0.303323769569397,0.8796875,0.8796875,0.8796213740458015,0.8796213740458014,0.759375,0.955419921875,0.9614341727857266,,,,,,,0.00026311883710016773,7.267406463623047,0.8921874999999999,,"[[274, 46], [31, 289]]",
mlp,2,0.3715379059314728,0.8427083333333333,0.2875452347099781,0.8828125,0.8828125,0.882798479310269,0.882798479310269,0.765625,0.956376953125,0.9620309268118782,,,,,,,0.00026311883710016773,7.366682291030884,0.8921874999999999,,"[[286, 34], [41, 279]]",
mlp,3,0.33453797226150833,0.8552083333333333,0.2911040231585503,0.8609375,0.8609374999999999,0.8605667901231546,0.8605667901231545,0.721875,0.9523486328124999,0.9564881451825562,,,,,,,0.00026311883710016773,7.429492712020874,0.8921874999999999,,"[[259, 61], [28, 292]]",
mlp,4,0.3240158200263977,0.859375,0.2898656129837036,0.875,0.875,0.8749560392325427,0.8749560392325428,0.75,0.9514453125,0.9555578752888753,,,,,,,0.00026311883710016773,6.711772203445435,0.8921874999999999,,"[[286, 34], [46, 274]]",
mlp,5,0.29330796922246616,0.8854166666666666,0.28157023899257183,0.865625,0.865625,0.8654936461388074,0.8654936461388075,0.73125,0.953095703125,0.956824444982749,,,,,,,0.00013155941855008387,8.467197179794312,0.8921874999999999,,"[[267, 53], [33, 287]]",
mlp,6,0.29060445427894593,0.8833333333333333,0.2736855860799551,0.878125,0.878125,0.878125,0.878125,0.75625,0.9556591796875,0.9588949909712088,,,,,,,0.00013155941855008387,6.81403374671936,0.8921874999999999,,"[[281, 39], [39, 281]]",
mlp,7,0.2774962397913138,0.8760416666666667,0.27983346581459045,0.8671875,0.8671875,0.8671612306144526,0.8671612306144526,0.734375,0.9545654296875,0.9577489884977637,,,,,,,0.00013155941855008387,7.337343215942383,0.8921874999999999,,"[[282, 38], [47, 273]]",
