stage,epoch,train_loss,train_accuracy,val_loss,val_accuracy,val_balanced_accuracy,val_macro_f1,val_weighted_f1,val_cohen_kappa,val_auroc,val_auc_pr,test_loss,test_accuracy,test_balanced_accuracy,test_macro_f1,test_weighted_f1,test_cohen_kappa,learning_rate,epoch_time_sec,best_val_balanced_accuracy,best_test_balanced_accuracy,val_confusion_matrix,test_confusion_matrix
mlp,0,0.539369801680247,0.7322916666666667,0.32957199215888977,0.89375,0.89375,0.8937489623922108,0.8937489623922108,0.7875,0.9505419921874999,0.9590981719879299,,,,,,,0.0006,51.16860508918762,0.89375,,"[[287, 33], [35, 285]]",
mlp,1,0.38172859052817026,0.8416666666666667,0.2925869792699814,0.865625,0.865625,0.8655921855921855,0.8655921855921858,0.73125,0.9508593750000001,0.9559467600540834,,,,,,,0.0006,4.754844427108765,0.89375,,"[[272, 48], [38, 282]]",
mlp,2,0.3399791451791922,0.8541666666666666,0.31233919262886045,0.8546875,0.8546875,0.853441971441868,0.8534419714418681,0.709375,0.9591943359374999,0.9637669837857591,,,,,,,0.0006,4.435741662979126,0.89375,,"[[244, 76], [17, 303]]",
mlp,3,0.3399811252951622,0.8510416666666667,0.2857133988291025,0.8796875,0.8796875,0.879531914997641,0.879531914997641,0.759375,0.955654296875,0.9582138389549286,,,,,,,0.0006,4.604867458343506,0.89375,,"[[293, 27], [50, 270]]",
mlp,4,0.293144957597057,0.86875,0.27668304443359376,0.871875,0.871875,0.8716945704897512,0.8716945704897512,0.74375,0.955380859375,0.9576754916768904,,,,,,,0.0006,5.282975673675537,0.89375,,"[[267, 53], [29, 291]]",
mlp,5,0.25606215645869573,0.8875,0.2652446050196886,0.8828125,0.8828125,0.8828053470060429,0.8828053470060429,0.765625,0.9588134765625,0.9600236520434511,,,,,,,0.0003,4.239290475845337,0.89375,,"[[285, 35], [40, 280]]",
mlp,6,0.263119817028443,0.8864583333333333,0.2735654518008232,0.8875,0.8875,0.8873900293255133,0.8873900293255133,0.775,0.9584619140625,0.957442854485618,,,,,,,0.0003,5.364073753356934,0.89375,,"[[294, 26], [46, 274]]",
mlp,7,0.2478666978577773,0.903125,0.2744440581649542,0.8859375,0.8859375,0.8858368826040529,0.8858368826040529,0.771875,0.9582666015624999,0.9587893767295068,,,,,,,0.0003,7.3900306224823,0.89375,,"[[293, 27], [46, 274]]",
