stage,epoch,train_loss,train_accuracy,val_loss,val_accuracy,val_balanced_accuracy,val_macro_f1,val_weighted_f1,val_cohen_kappa,val_auroc,val_auc_pr,test_loss,test_accuracy,test_balanced_accuracy,test_macro_f1,test_weighted_f1,test_cohen_kappa,learning_rate,epoch_time_sec,best_val_balanced_accuracy,best_test_balanced_accuracy,val_confusion_matrix,test_confusion_matrix
ft,0,nan,0.3195613363937771,nan,0.20401854714064915,0.2,0.06777920410783055,0.06914107374214554,0.0,0.0,0.0,,,,,,,3e-05,143.9280869960785,0.2,,"[[396, 0, 0, 0, 0], [388, 0, 0, 0, 0], [398, 0, 0, 0, 0], [400, 0, 0, 0, 0], [359, 0, 0, 0, 0]]",
ft,1,nan,0.2030094363682734,nan,0.20401854714064915,0.2,0.06777920410783055,0.06914107374214554,0.0,0.0,0.0,,,,,,,3e-05,115.3731939792633,0.2,,"[[396, 0, 0, 0, 0], [388, 0, 0, 0, 0], [398, 0, 0, 0, 0], [400, 0, 0, 0, 0], [359, 0, 0, 0, 0]]",
ft,2,nan,0.2030094363682734,nan,0.20401854714064915,0.2,0.06777920410783055,0.06914107374214554,0.0,0.0,0.0,,,,,,,3e-05,117.15911221504211,0.2,,"[[396, 0, 0, 0, 0], [388, 0, 0, 0, 0], [398, 0, 0, 0, 0], [400, 0, 0, 0, 0], [359, 0, 0, 0, 0]]",
ft,3,nan,0.2030094363682734,nan,0.20401854714064915,0.2,0.06777920410783055,0.06914107374214554,0.0,0.0,0.0,,,,,,,3e-05,117.83239579200745,0.2,,"[[396, 0, 0, 0, 0], [388, 0, 0, 0, 0], [398, 0, 0, 0, 0], [400, 0, 0, 0, 0], [359, 0, 0, 0, 0]]",
ft,4,nan,0.2030094363682734,nan,0.20401854714064915,0.2,0.06777920410783055,0.06914107374214554,0.0,0.0,0.0,,,,,,,1.5e-05,118.5112657546997,0.2,,"[[396, 0, 0, 0, 0], [388, 0, 0, 0, 0], [398, 0, 0, 0, 0], [400, 0, 0, 0, 0], [359, 0, 0, 0, 0]]",
